label,total_regions,slides_count_with_label,total_area_px2,mean_area_px2,median_area_px2,min_area_px2,max_area_px2,std_area_px2
Lymphocyte,15654,204,3974321.5,253.88536476299987,245.0,5.0,1088.0,88.18215020172538
Epithelial,14539,202,10387742.0,714.4743104752735,647.5,1.5,6530.0,346.56217853798626
Neutrophil,631,201,338558.5,536.5427892234549,517.0,4.5,2485.5,193.7482958232926
Macrophage,587,198,1709213.0,2911.7768313458264,1973.0,237.0,54293.0,3345.641817259289
Description,0,1,0.0,0.0,0.0,0.0,0.0,0.0
